species,Guild,source
Sigmophora brevicornis,Micro Wasps,original
Pyrausta sanguinalis,Moths,original
Idaea biselata,Moths,original
Diarsia brunnea,Moths,original
Spilarctia lutea,Moths,original
Catastia marginea,Moths,original
Formica cunicularia,Ants,original
Celastrina argiolus,Butterflies,original
Argynnis paphia,Butterflies,original
Aglais io,Butterflies,original
Lycaena virgaureae,Butterflies,original
Agrodiaetus damon,Butterflies,original
Cerapteryx graminis,Moths,original
Cyclophora punctaria,Moths,original
Horisme vitalbata,Moths,original
Pleurota aristella,Moths,original
Carterocephalus palaemon,Butterflies,original
Anaplectoides prasina,Moths,original
Xestia ochreago,Moths,original
Boloria titania,Butterflies,original
Erebia oeme,Butterflies,original
Charissa glaucinaria,Moths,original
Ptilodon cucullina,Moths,original
Catocala nymphaea,Moths,original
Eupithecia oxycedrata,Moths,original
Boloria dia,Butterflies,original
Perconia strigillaria,Moths,original
Macroglossum stellatarum,Moths,original
Satyrium w-album,Butterflies,original
Apatura iris,Butterflies,original
Lasius brunneus,Ants,original
Minois dryas,Butterflies,original
Stenoptilia pterodactyla,Moths,original
Erebia meolans,Butterflies,original
Hipparchia semele,Butterflies,original
Plagodis pulveraria,Moths,original
Selidosema brunnearia,Moths,original
Ascotis selenaria,Moths,original
Sphinx ligustri,Moths,original
Coscinia cribraria,Moths,original
Maculinea arion,Butterflies,original
Coenonympha arcania,Butterflies,original
Melitaea varia,Butterflies,original
Pyrausta coracinalis,Moths,original
Erebia tyndarus,Butterflies,original
Apis mellifera,Honey Bees,original
Chelostoma campanularum,Wild Bees,original
Syngrapha interrogationis,Moths,original
Coenonympha dorus,Butterflies,original
Bombus quadricolor,Bumblebees,original
Ancylosis cinnamomella,Moths,original
Hyponephele lycaon,Butterflies,original
Parnassius apollo,Butterflies,original
Parnassius mnemosyne,Butterflies,original
Chersotis multangula,Moths,original
Menophra abruptaria,Moths,original
Idaea subsericeata,Moths,original
Elkalyce argiades,Butterflies,original
Iphiclides podalirius,Butterflies,original
Gonepteryx cleopatra,Butterflies,original
Colias croceus,Butterflies,original
Thera cognata,Moths,original
Hipparchia fidia,Butterflies,original
Apamea maillardi,Moths,original
Hypsopygia costalis,Moths,original
Euxoa decora,Moths,original
Mellicta aurelia,Butterflies,original
Cucullia lucifuga,Moths,original
Diplolepis rosae,Micro Wasps,original
Tuttiola spini,Butterflies,original
Anthocharis euphenoides,Butterflies,original
Pyrgus malvoides,Butterflies,original
Charanyca trigrammica,Moths,original
Stegania trimaculata,Moths,original
Colostygia aptata,Moths,original
Nola confusalis,Moths,original
Zygaena ephialtes,Moths,original
Pseudoips prasinana,Moths,original
Eumedonia eumedon,Butterflies,original
Agrodiaetus humedasae,Butterflies,original
Lasiommata megera,Butterflies,original
Spialia sertorius,Butterflies,original
Loweia tityrus,Butterflies,original
Fabriciana adippe,Butterflies,original
Maniola jurtina,Butterflies,original
Boloria pales,Butterflies,original
Zygaena minos,Moths,original
Chloroclysta miata,Moths,original
Colias alfacariensis,Butterflies,original
Melitaea phoebe,Butterflies,original
Hypodryas intermedia,Butterflies,original
Macdunnoughia confusa,Moths,original
Issoria lathonia,Butterflies,original
Glaucopsyche alexis,Butterflies,original
Megalodontes cephalotes,Sawflies,original
Anthidiellum strigatum,Wild Bees,original
Pyronia tithonus,Butterflies,original
Coenonympha pamphilus,Butterflies,original
Erebia cassioides,Butterflies,original
Lysandra coridon,Butterflies,original
Satyrus ferula,Butterflies,original
Watsonarctia deserta,Moths,original
Coenonympha iphis,Butterflies,original
Limenitis reducta,Butterflies,original
Scoparia conicella,Moths,original
Dioryctria abietella,Moths,original
Andrena labiata,Wild Bees,original
Erebia melampus,Butterflies,original
Bombus monticola,Bumblebees,original
Lycaeides idas,Butterflies,original
Coenotephria salicata,Moths,original
Volucella inanis,Hoverflies,original
Xestia baja,Moths,original
Myrmica rubra,Ants,original
Chersotis ocellina,Moths,original
Agrotis cinerea,Moths,original
Melanargia galathea,Butterflies,original
Hemaris fuciformis,Moths,original
Bombylella atra,Bee Flies,original
Elaphria venustula,Moths,original
Scolia hirta,Solitary Wasps,original
Bombus pascuorum,Bumblebees,original
Alcis repandata,Moths,original
Tholera decimalis,Moths,original
Catocala nymphagoga,Moths,original
Anthocharis cardamines,Butterflies,original
Melitaea cinxia,Butterflies,original
Idaea straminata,Moths,original
Mniotype adusta,Moths,original
Charissa ambiguata,Moths,original
Bombylius major,Bee Flies,original
Parnassius phoebus,Butterflies,original
Pseudopanthera macularia,Moths,original
Setina aurita,Moths,original
Anticlea badiata,Moths,original
Speyeria aglaja,Butterflies,original
Arge nigripes,Sawflies,original
Euchloe simplonia,Butterflies,original
Polia nebulosa,Moths,original
Osmia leaiana,Wild Bees,original
Myrmica sulcinodis,Ants,original
Polistes dominula,Social Wasps,original
Scaeva pyrastri,Hoverflies,original
Pieris rapae,Butterflies,original
Sceliphron caementarium,Solitary Wasps,original
Mythimna sicula,Moths,original
Acronicta euphorbiae,Moths,original
Bombus sylvestris,Bumblebees,original
Arctia caja,Moths,original
Pheosia gnoma,Moths,original
Carcharodus alceae,Butterflies,original
Cupido minimus,Butterflies,original
Merrifieldia leucodactyla,Moths,original
Emmelina monodactyla,Moths,original
Orthosia cruda,Moths,original
Apatura ilia,Butterflies,original
Camponotus piceus,Ants,original
Euchloe ausonia,Butterflies,original
Bombus humilis,Bumblebees,original
Erebia montanus,Butterflies,original
Cydalima perspectalis,Moths,original
Plebejus amanda,Butterflies,original
Gonepteryx rhamni,Butterflies,original
Andrena intermedia,Wild Bees,original
Aporia crataegi,Butterflies,original
Parasemia plantaginis,Moths,original
Strymon acaciae,Butterflies,original
Udea ferrugalis,Moths,original
Boloria selene,Butterflies,original
Lemonia taraxaci,Moths,original
Ammoconia caecimacula,Moths,original
Macaria alternata,Moths,original
Dasysyrphus albostriatus,Hoverflies,original
Hoplodrina blanda,Moths,original
Baccha elongata,Hoverflies,original
Panemeria tenebrata,Moths,original
Agrotis segetum,Moths,original
Formica fusca,Ants,original
Quercusia quercus,Butterflies,original
Thymelicus acteon,Butterflies,original
Pleuroptya ruralis,Moths,original
Erebia pandrose,Butterflies,original
Melitaea deione,Butterflies,original
Adscita mannii,Moths,original
Formica pratensis,Ants,original
Apamea rubrirena,Moths,original
Erebia euryale,Butterflies,original
Erebia alberganus,Butterflies,original
Lithosia quadra,Moths,original
Plagiolepis pygmaea,Ants,original
Laeosopis roboris,Butterflies,original
Catephia alchymista,Moths,original
Fabriciana niobe,Butterflies,original
Scopula decorata,Moths,original
Nyctobrya muralis,Moths,original
Peribatodes rhomboidaria,Moths,original
Eupithecia pusillata,Moths,original
Pontia callidice,Butterflies,original
Cabera exanthemata,Moths,original
Camponotus herculeanus,Ants,original
Hoplodrina ambigua,Moths,original
Craniophora ligustri,Moths,original
Colias phicomone,Butterflies,original
Carcharodus lavatherae,Butterflies,original
Milesia crabroniformis,Hoverflies,original
Zygaena anthyllidis,Moths,original
Eana penziana,Moths,original
Maculinea alcon,Butterflies,original
Sideridis lampra,Moths,original
Pyrgus alveus,Butterflies,original
Melanargia occitanica,Butterflies,original
Myrmica scabrinodis,Ants,original
Hylaea fasciaria,Moths,original
Melanargia japygia,Butterflies,original
Gymnoscelis rufifasciata,Moths,original
Autographa pulchrina,Moths,original
Xestia xanthographa,Moths,original
Metaxmeste phrygialis,Moths,original
Limenitis populi,Butterflies,original
Zygaena exulans,Moths,original
Pyronia bathseba,Butterflies,original
Euphyia frustata,Moths,original
Oncocera semirubella,Moths,original
Stomorhina lunata,Other Flies,original
Polyommatus eros,Butterflies,original
Agrotis exclamationis,Moths,original
Lopinga achine,Butterflies,original
Pyrausta purpuralis,Moths,original
Zygaena contaminei,Moths,original
Erebia ligea,Butterflies,original
Bombus pratorum,Bumblebees,original
Chiasmia clathrata,Moths,original
Lymantria monacha,Moths,original
Idaea moniliata,Moths,original
Formica sanguinea,Ants,original
Erebia montana,Butterflies,original
Erebia aethiops,Butterflies,original
Biston betularia,Moths,original
Autographa jota,Moths,original
Mythimna vitellina,Moths,original
Diachrysia chrysitis,Moths,original
Vespa velutina,Social Wasps,original
Hipparchia statilinus,Butterflies,original
Eana argentana,Moths,original
Eupithecia lariciata,Moths,original
Agriades glandon,Butterflies,original
Charissa mucidaria,Moths,original
Helophilus pendulus,Hoverflies,original
Euclidia glyphica,Moths,original
Leptothorax nylanderi,Ants,original
Erebia gorgone,Butterflies,original
Euphyia biangulata,Moths,original
Orthosia incerta,Moths,original
Bombus soroeensis,Bumblebees,original
Heriades truncorum,Wild Bees,original
Eupeodes luniger,Hoverflies,original
Phlogophora meticulosa,Moths,original
Helicoverpa armigera,Moths,original
Gastropacha quercifolia,Moths,original
Pieris brassicae,Butterflies,original
Nola cicatricalis,Moths,original
Stenoptilia bipunctidactyla,Moths,original
Triphosa dubitata,Moths,original
Polyommatus ripartii,Butterflies,original
Bombus sichelii,Bumblebees,original
Vanessa atalanta,Butterflies,original
Manica rubida,Ants,original
Volucella bombylans,Hoverflies,original
Leptothorax tuberum,Ants,original
Mythimna unipuncta,Moths,original
Agrotis trux,Moths,original
Idaea contiguaria,Moths,original
Zygaena osterodensis,Moths,original
Dysauxes punctata,Moths,original
Colostygia aqueata,Moths,original
Calliteara pudibunda,Moths,original
Nemophora metallica,Moths,original
Lasioglossum villosulum,Wild Bees,original
Entephria infidaria,Moths,original
Myrmica lobulicornis,Ants,original
Dysstroma truncata,Moths,original
Acronicta rumicis,Moths,original
Hoplitis adunca,Wild Bees,original
Dendrolimus pini,Moths,original
Philereme transversata,Moths,original
Xestia ditrapezium,Moths,original
Erebia gorge,Butterflies,original
Thecla betulae,Butterflies,original
Epilecta linogrisea,Moths,original
Aglais urticae,Butterflies,original
Acronicta aceris,Moths,original
Mellicta athalia,Butterflies,original
Dinera carinifrons,Other Flies,original
Hadena compta,Moths,original
Tapinoma erraticum,Ants,original
Lycaena phlaeas,Butterflies,original
Trigonophora flammea,Moths,original
Clossiana titania,Butterflies,original
Libythea celtis,Butterflies,original
Setina irrorella,Moths,original
Collita griseola,Moths,original
Leptidea sinapis,Butterflies,original
Lasionycta proxima,Moths,original
Plagodis dolabraria,Moths,original
Satyrus actaea,Butterflies,original
Nordmannia ilicis,Butterflies,original
Erebia medusa,Butterflies,original
Manulea complana,Moths,original
Acronicta auricoma,Moths,original
Pseudoterpna pruinata,Moths,original
Merodon avidus,Hoverflies,original
Nebula nebulata,Moths,original
Xestia c-nigrum,Moths,original
Ceramica pisi,Moths,original
Catoptria pinella,Moths,original
Aphantopus hyperantus,Butterflies,original
Pachycnemia hippocastanaria,Moths,original
Cryphia algae,Moths,original
Hamearis lucina,Butterflies,original
Arethusana arethusa,Butterflies,original
Lasius alienus,Ants,original
Scopula immorata,Moths,original
Luperina testacea,Moths,original
Hoplodrina octogenaria,Moths,original
Aphomia sociella,Moths,original
Melitaea diamina,Butterflies,original
Pararge petropolitana,Butterflies,original
Anarta odontites,Moths,original
Meliscaeva auricollis,Hoverflies,original
Notodonta ziczac,Moths,original
Eudonia delunella,Moths,original
Lasiocampa quercus,Moths,original
Megachile pyrenaica,Wild Bees,original
Zeuzera pyrina,Moths,original
Ourapteryx sambucaria,Moths,original
Eupeodes corollae,Hoverflies,original
Deltote pygarga,Moths,original
Sphinx pinastri,Moths,original
Palaeochrysophanus hippothoe,Butterflies,original
Bombus mesomelas,Bumblebees,original
Acronicta leporina,Moths,original
Lygephila lusoria,Moths,original
Hypomecis punctinalis,Moths,original
Pieris mannii,Butterflies,original
Apamea sublustris,Moths,original
Mellicta varia,Butterflies,original
Litoligia literosa,Moths,original
Acronicta megacephala,Moths,original
Heliothis peltigera,Moths,original
Cabera pusaria,Moths,original
Zerynthia rumina,Butterflies,original
Pyrausta alpinalis,Moths,original
Mythimna anderreggii,Moths,original
Cheilosia mutabilis,Hoverflies,original
Satyrus briseis,Butterflies,original
Idaea flaveolaria,Moths,original
Cossus cossus,Moths,original
Drymonia dodonaea,Moths,original
Peribatodes perversaria,Moths,original
Mikiola fagi,Other Flies,original
Bombus wurflenii,Bumblebees,original
Thetidia smaragdaria,Moths,original
Catarhoe cuculata,Moths,original
Agrochola litura,Moths,original
Xestia triangulum,Moths,original
Acontia trabealis,Moths,original
Eublemma purpurina,Moths,original
Bryophila galathea,Moths,original
Pyrgus armoricanus,Butterflies,original
Cosmorhoe ocellata,Moths,original
Katha depressa,Moths,original
Catoptria radiella,Moths,original
Camponotus aethiops,Ants,original
Zygaena erythrus,Moths,original
Triodia sylvina,Moths,original
Lathronympha strigana,Moths,original
Vanessa cardui,Butterflies,original
Lacanobia contigua,Moths,original
Halictus rubicundus,Wild Bees,original
Gluphisia crenata,Moths,original
Mythimna conigera,Moths,original
Lomographa bimaculata,Moths,original
Chelostoma grande,Wild Bees,original
Formica selysi,Ants,original
Orthosia gothica,Moths,original
Endotricha flammealis,Moths,original
Tephrina murinaria,Moths,original
Pieris bryoniae,Butterflies,original
Eulithis prunata,Moths,original
Cyclophora annularia,Moths,original
Anthophora aestivalis,Wild Bees,original
Lysandra bellargus,Butterflies,original
Autographa bractea,Moths,original
Scoliopteryx libatrix,Moths,original
Aspitates ochrearia,Moths,original
Spatalia argentina,Moths,original
Aricia artaxerxes,Butterflies,original
Pyrgus cacaliae,Butterflies,original
Ecliptopera silaceata,Moths,original
Lasiommata maera,Butterflies,original
Colias palaeno,Butterflies,original
Perizoma blandiata,Moths,original
Gillmeria pallidactyla,Moths,original
Platytes cerusella,Moths,original
Psodos quadrifaria,Moths,original
Saturnia pavonia,Moths,original
Elkalyce alcetas,Butterflies,original
Ematurga atomaria,Moths,original
Perizoma albulata,Moths,original
Eurrhypis pollinalis,Moths,original
Thalpophila matura,Moths,original
Siona lineata,Moths,original
Rhodostrophia vibicaria,Moths,original
Sphaerophoria scripta,Hoverflies,original
Myelois cribrella,Moths,original
Cyaniris semiargus,Butterflies,original
Scotopteryx bipunctaria,Moths,original
Erebia neoridas,Butterflies,original
Carcina quercana,Moths,original
Eupithecia icterata,Moths,original
Syritta pipiens,Hoverflies,original
Idaea ostrinaria,Moths,original
Nymphalis antiopa,Butterflies,original
Scotopteryx angularia,Moths,original
Lampides boeticus,Butterflies,original
Syrphus torvus,Hoverflies,original
Chloroclysta siterata,Moths,original
Epicallia villica,Moths,original
Thymelicus sylvestris,Butterflies,original
Chersotis alpestris,Moths,original
Zygaena carniolica,Moths,original
Heliothis viriplaca,Moths,original
Scotopteryx moeniata,Moths,original
Chloantha hyperici,Moths,original
Halictus scabiosae,Wild Bees,original
Pennithera firmata,Moths,original
Tetramorium caespitum,Ants,original
Proserpinus proserpina,Moths,original
Megachile willughbiella,Wild Bees,original
Pyrgus onopordi,Butterflies,original
Dysstroma citrata,Moths,original
Malacosoma castrense,Moths,original
Idaea rusticata,Moths,original
Cucullia lactucae,Moths,original
Eupsilia transversa,Moths,original
Euxoa nigricans,Moths,original
Tyria jacobaeae,Moths,original
Eupithecia haworthiata,Moths,original
Callophrys rubi,Butterflies,original
Tortrix viridana,Moths,original
Bombus pyrenaeus,Bumblebees,original
Boloria napaea,Butterflies,original
Eupithecia semigraphata,Moths,original
Thymelicus lineola,Butterflies,original
Idaea dilutaria,Moths,original
Orthosia cerasi,Moths,original
Agriphila straminella,Moths,original
Notodonta dromedarius,Moths,original
Atethmia centrago,Moths,original
Valeria jaspidea,Moths,original
Polyphaenis sericata,Moths,original
Mellicta parthenoides,Butterflies,original
Lasioglossum leucozonium,Wild Bees,original
Thyris fenestrella,Moths,original
Sphecodes gibbus,Wild Bees,original
Idaea trigeminata,Moths,original
Erebia pronoe,Butterflies,original
Conistra rubiginea,Moths,original
Formica pressilabris,Ants,original
Epiblema foenella,Moths,original
Myathropa florea,Hoverflies,original
Halictus sexcinctus,Wild Bees,original
Campaea margaritaria,Moths,original
Bombus lucorum,Bumblebees,original
Polyommatus daphnis,Butterflies,original
Pseudophilotes baton,Butterflies,original
Polymixis xanthomista,Moths,original
Hoplitis loti,Wild Bees,original
Xylena exsoleta,Moths,original
Lasius fuliginosus,Ants,original
Melanostoma mellina,Hoverflies,original
Erebia pharte,Butterflies,original
Zygaena trifolii,Moths,original
Xanthorhoe ferrugata,Moths,original
Asthena albulata,Moths,original
Diasemia reticularis,Moths,original
Enargia paleacea,Moths,original
Bombus ruderarius,Bumblebees,original
Lasioglossum albipes,Wild Bees,original
Polygonia c-album,Butterflies,original
Agriphila tristellus,Moths,original
Graellsia isabellae,Moths,original
Pyrgus andromedae,Butterflies,original
Standfussiana lucernea,Moths,original
Zygaena hilaris,Moths,original
Catocala fraxini,Moths,original
Meliscaeva cinctella,Hoverflies,original
Hylaeus hyalinatus,Wild Bees,original
Polyommatus thersites,Butterflies,original
Myrmica ruginodis,Ants,original
Acontia lucida,Moths,original
Trisateles emortualis,Moths,original
Tephronia sepiaria,Moths,original
Scoparia pyralella,Moths,original
Cidaria fulvata,Moths,original
Euchalcia variabilis,Moths,original
Selenia lunularia,Moths,original
Chrysotoxum bicincta,Hoverflies,original
Hypena obesalis,Moths,original
Sideridis reticulata,Moths,original
Timandra comae,Moths,original
Scopula marginepunctata,Moths,original
Triphosa tauteli,Moths,original
Euplexia lucipara,Moths,original
Ceratina cyanea,Wild Bees,original
Zeiraphera griseana,Moths,original
Zygaena loti,Moths,original
Camponotus ligniperdus,Ants,original
Oeneis aello,Butterflies,original
Melitaea athalia,Butterflies,original
Thyatira batis,Moths,original
Zygaena lonicerae,Moths,original
Laothoe populi,Moths,original
Hadena albimacula,Moths,original
Isturgia limbaria,Moths,original
Eristalis tenax,Hoverflies,original
Hoplitis leucomelana,Wild Bees,original
Agrodiaetus dolus,Butterflies,original
Spargania luctuata,Moths,original
Pyrausta aerealis,Moths,original
Erebia mnestra,Butterflies,original
Andrena nigroaenea,Wild Bees,original
Udea austriacalis,Moths,original
Drymonia querna,Moths,original
Scopula rubiginata,Moths,original
Polia bombycina,Moths,original
Harpyia milhauseri,Moths,original
Parnassius corybas,Butterflies,original
Spilosoma lubricipeda,Moths,original
Xestia stigmatica,Moths,original
Paidia rica,Moths,original
Camponotus lateralis,Ants,original
Xanthorhoe spadicearia,Moths,original
Noctua pronuba,Moths,original
Caradrina selini,Moths,original
Malacosoma alpicola,Moths,original
Crambus nemorella,Moths,original
Pseudoaricia nicias,Butterflies,original
Apamea lateritia,Moths,original
Halictus maculatus,Wild Bees,original
Bombus mucidus,Bumblebees,original
Colletes hederae,Wild Bees,original
Saturnia pyri,Moths,original
Nomophila noctuella,Moths,original
Epirrhoe galiata,Moths,original
Anania funebris,Moths,original
Phragmatobia fuliginosa,Moths,original
Cynaeda dentalis,Moths,original
Lycia hirtaria,Moths,original
Crocallis elinguaria,Moths,original
Dicallomera fascelina,Moths,original
Lomographa temerata,Moths,original
Pempelia palumbella,Moths,original
Pleurota pungitiella,Moths,original
Colocasia coryli,Moths,original
Scotopteryx luridata,Moths,original
Epirrhoe alternata,Moths,original
Heterogynis penella,Moths,original
Pachetra sagittigera,Moths,original
Euclidia mi,Moths,original
Laphria flava,Other Flies,original
Udea rhododendronalis,Moths,original
Cyclophora linearia,Moths,original
Acronicta psi,Moths,original
Petrophora chlorosata,Moths,original
Diloba caeruleocephala,Moths,original
Tethea or,Moths,original
Erebia manto,Butterflies,original
Osmia bicornis,Wild Bees,original
Chloromyia formosa,Other Flies,original
Eupithecia subfuscata,Moths,original
Erebia triarius,Butterflies,original
Tachina grossa,Other Flies,original
Erebia pluto,Butterflies,original
Palpita vitrealis,Moths,original
Megachile parietina,Wild Bees,original
Leptidea duponcheli,Butterflies,original
Diarsia mendica,Moths,original
Pontia daplidice,Butterflies,original
Hyles livornica,Moths,original
Pieris napi,Butterflies,original
Atolmis rubricollis,Moths,original
Mimas tiliae,Moths,original
Melanostoma scalare,Hoverflies,original
Formica rufa,Ants,original
Cydia fagiglandana,Moths,original
Charanyca ferruginea,Moths,original
Erebia epiphron,Butterflies,original
Simulium carthusiense,Other Flies,original
Platycheirus albimanus,Hoverflies,original
Biston strataria,Moths,original
Abraxas sylvata,Moths,original
Colias hyale,Butterflies,original
Idaea degeneraria,Moths,original
Plutella xylostella,Moths,original
Scopula incanata,Moths,original
Deilephila elpenor,Moths,original
Macaria brunneata,Moths,original
Eulithis populata,Moths,original
Episyrphus balteatus,Hoverflies,original
Pyrgus bellieri,Butterflies,original
Dichagyris musiva,Moths,original
Plebejus argus,Butterflies,original
Idaea aversata,Moths,original
Apamea monoglypha,Moths,original
Clossiana dia,Butterflies,original
Miltochrista miniata,Moths,original
Vespa crabro,Social Wasps,original
Pyrgus serratulae,Butterflies,original
Lapposyrphus lapponicus,Hoverflies,original
Hyles gallii,Moths,original
Hadena magnolii,Moths,original
Selidosema taeniolaria,Moths,original
Antitype chi,Moths,original
Melanchra persicariae,Moths,original
Lasius niger,Ants,original
Angerona prunaria,Moths,original
Apamea lithoxylaea,Moths,original
Euproctis chrysorrhoea,Moths,original
Etiella zinckenella,Moths,original
Osmia cornuta,Wild Bees,original
Pararge aegeria,Butterflies,original
Chrysotoxum festivum,Hoverflies,original
Cerura erminea,Moths,original
Andrena fulvago,Wild Bees,original
Alsophila aescularia,Moths,original
Aricia cramera,Butterflies,original
Amata phegea,Moths,original
Lacanobia w-latinum,Moths,original
Lasionhada proxima,Moths,original
Cyclophora puppillaria,Moths,original
Catoptria mytilella,Moths,original
Perizoma hydrata,Moths,original
Eudonia mercurella,Moths,original
Noctua janthina,Moths,original
Acompsia tripunctella,Moths,original
Conisania luteago,Moths,original
Hecatera bicolorata,Moths,original
Pyrgus fritillarius,Butterflies,original
Idaea aureolaria,Moths,original
Erebia lefebvrei,Butterflies,original
Scopula ornata,Moths,original
Hipparchia fagi,Butterflies,original
Charaxes jasius,Butterflies,original
Acherontia atropos,Moths,original
Formica lemani,Ants,original
Perizoma alchemillata,Moths,original
Anthidium oblongatum,Wild Bees,original
Bombus hypnorum,Bumblebees,original
Peribatodes secundaria,Moths,original
Thisanotia chrysonuchella,Moths,original
Hada plebeja,Moths,original
Hypena proboscidalis,Moths,original
Lacanobia thalassina,Moths,original
Cheilosia illustrata,Hoverflies,original
Melanargia lachesis,Butterflies,original
Aglaope infausta,Moths,original
Mormo maura,Moths,original
Papilio alexanor,Butterflies,original
Rhyacia helvetina,Moths,original
Anthidium punctatum,Wild Bees,original
Euchloe crameri,Butterflies,original
Albulina orbitulus,Butterflies,original
Pterostoma palpina,Moths,original
Drepana curvatula,Moths,original
Eilema caniola,Moths,original
Agapeta zoegana,Moths,original
Hoplodrina respersa,Moths,original
Odontopera bidentata,Moths,original
Notocelia cynosbatella,Moths,original
Yponomeuta evonymella,Moths,original
Hydriomena furcata,Moths,original
Ochlodes venata,Butterflies,original
Idaea fuscovenosa,Moths,original
Jordanita subsolana,Moths,original
Furcula bifida,Moths,original
Atherix ibis,Other Flies,original
Harpella forficella,Moths,original
Megachile pilidens,Wild Bees,original
Axylia putris,Moths,original
Scaeva selenitica,Hoverflies,original
Polygonia egea,Butterflies,original
Rhodometra sacraria,Moths,original
Tachina fera,Other Flies,original
Lycaena alciphron,Butterflies,original
Ceratina cucurbitina,Wild Bees,original
Athetis pallustris,Moths,original
Idaea seriata,Moths,original
Tyta luctuosa,Moths,original
Opisthograptis luteolata,Moths,original
Leptothorax acervorum,Ants,original
Urocerus gigas,Sawflies,original
Gnophos obfuscata,Moths,original
Eurranthis plummistaria,Moths,original
Wittia sororcula,Moths,original
Carcharodus floccifera,Butterflies,original
Cerastis rubricosa,Moths,original
Vespula germanica,Social Wasps,original
Callimorpha dominula,Moths,original
Hyles euphorbiae,Moths,original
Brenthis daphne,Butterflies,original
Callophrys avis,Butterflies,original
Lycaeides argyrognomon,Butterflies,original
Agrius convolvuli,Moths,original
Parnassius sacerdos,Butterflies,original
Jordanita globulariae,Moths,original
Hipparchia hermione,Butterflies,original
Homoeosoma sinuella,Moths,original
Watsonalla uncinula,Moths,original
Abrostola tripartita,Moths,original
Pyronia cecilia,Butterflies,original
Eristalinus taeniops,Hoverflies,original
Zygaena filipendulae,Moths,original
Ochropacha duplaris,Moths,original
Andrena minutuloides,Wild Bees,original
Cleora cinctaria,Moths,original
Minucia lunaris,Moths,original
Papilio machaon,Butterflies,original
Scopula nigropunctata,Moths,original
Autographa aemula,Moths,original
Aglia tau,Moths,original
Xylocopa violacea,Wild Bees,original
Selenia tetralunaria,Moths,original
Oligia latruncula,Moths,original
Calamia tridens,Moths,original
Thera obeliscata,Moths,original
Entephria caesiata,Moths,original
Hadena caesia,Moths,original
Lasioglossum morio,Wild Bees,original
Marumba quercus,Moths,original
Formica lugubris,Ants,original
Megachile sculpturalis,Wild Bees,original
Lygephila craccae,Moths,original
Nudaria mundana,Moths,original
Cymbalophora pudica,Moths,original
Xanthorhoe montanata,Moths,original
Euplagia quadripunctaria,Moths,original
Hoplitis ravouxi,Wild Bees,original
Hemistola chrysoprasaria,Moths,original
Lasioglossum laticeps,Wild Bees,original
Eucera nigrescens,Wild Bees,original
Perizoma verberata,Moths,original
Mesoligia furuncula,Moths,original
Thera britannica,Moths,original
Catocala optata,Moths,original
Lygephila pastinum,Moths,original
Iolana iolas,Butterflies,original
Nymphalis polychloros,Butterflies,original
Tetramorium alpestre,Ants,original
Apamea illyria,Moths,original
Eupithecia abbreviata,Moths,original
Agrotis simplonia,Moths,original
Dolicharthria punctalis,Moths,original
Adscita geryon,Moths,original
Leptothorax unifasciatus,Ants,original
Cleonymia yvanii,Moths,original
Indalia lutarella,Moths,original
Chrysotoxum cautum,Hoverflies,original
Polistes biglumis,Social Wasps,original
Eugnorisma depuncta,Moths,original
Aplocera plagiata,Moths,original
Callistege mi,Moths,original
Zerynthia polyxena,Butterflies,original
Chersotis cuprea,Moths,original
Odezia atrata,Moths,original
Zygaena fausta,Moths,original
Lasioglossum leucopus,Wild Bees,original
Zygaena romeo,Moths,original
Erynnis tages,Butterflies,original
Lithophane ornitopus,Moths,original
Udea uliginosalis,Moths,original
Amphipyra pyramidea,Moths,original
Auchmis detersa,Moths,original
Formica rufibarbis,Ants,original
Platytes alpinella,Moths,original
Andrena bicolor,Wild Bees,original
Tenthredo crassa,Sawflies,original
Comibaena bajularia,Moths,original
Odonestis pruni,Moths,original
Thaumetopoea pityocampa,Moths,original
Agapeta hamana,Moths,original
Phalera bucephala,Moths,original
Selenia dentaria,Moths,original
Pyrausta cingulata,Moths,original
Euphydryas aurinia,Butterflies,original
Laspeyria flexula,Moths,original
Oligia strigilis,Moths,original
Gnophos furvata,Moths,original
Eupithecia venosata,Moths,original
Tipula maxima,Other Flies,original
Papestra biren,Moths,original
Aricia montensis,Butterflies,original
Lamprosticta culta,Moths,original
Apoda limacodes,Moths,original
Syrphus vitripennis,Hoverflies,original
Malacosoma castrensis,Moths,original
Watsonalla binaria,Moths,original
Crocota tinctaria,Moths,original
Plebicula escheri,Butterflies,original
Bryophila domestica,Moths,original
Lycophotia porphyrea,Moths,original
Epilobophora sabinata,Moths,original
Pheidole pallidula,Ants,original
Pyrausta despicata,Moths,original
Bombus sylvarum,Bumblebees,original
Pheosia tremula,Moths,original
Aspitates gilvaria,Moths,original
Clostera pigra,Moths,original
Anthophora plumipes,Wild Bees,original
Cosmia trapezina,Moths,original
Aricia agestis,Butterflies,original
Syricoris lacunana,Moths,original
Celypha cespitana,Moths,original
Chelostoma florisomne,Wild Bees,original
Bombus lapidarius,Bumblebees,original
Egira conspicillaris,Moths,original
Adscita statices,Moths,original
Conistra vaccinii,Moths,original
Diaphora mendica,Moths,original
Peridea anceps,Moths,original
Hadena perplexa,Moths,original
Nyea lurideola,Moths,original
Plebicula dorylas,Butterflies,original
Everes sebrus,Butterflies,original
Anania terrealis,Moths,original
Scolitantides orion,Butterflies,original
Rhyparia purpurata,Moths,original
Hylaeus confusus,Wild Bees,original
Scopula submutata,Moths,original
Dypterygia scabriuscula,Moths,original
Abrostola asclepiadis,Moths,original
Leucoma salicis,Moths,original
Notodonta tritophus,Moths,original
Zygaena transalpina,Moths,original
Synthymia fixa,Moths,original
Clossiana euphrosyne,Butterflies,original
Hadena filograna,Moths,original
Iphiclides feisthamelii,Butterflies,original
Vacciniina optilete,Butterflies,original
Glaucopsyche rebeli,Butterflies,original
Prosimulium rufipes,Other Flies,original
Chelis maculosa,Moths,original
Tholera cespitis,Moths,original
Epipsilia grisescens,Moths,original
Catarhoe rubidata,Moths,original
Drepana falcataria,Moths,original
Yigoga signifera,Moths,original
Orenaia alpestralis,Moths,original
Cybosia mesomella,Moths,original
Actinotia radiosa,Moths,original
Hypodryas cynthia,Butterflies,original
Ladoga camilla,Butterflies,original
Epirrhoe tristata,Moths,original
Bombus bohemicus,Bumblebees,original
Lythria plumularia,Moths,original
Spiris striata,Moths,original
Lasius emarginatus,Ants,original
Agrotis clavis,Moths,original
Zygaena rhadamanthus,Moths,original
Scotopteryx chenopodiata,Moths,original
Euxoa recussa,Moths,original
Udea lutealis,Moths,original
Panolis flammea,Moths,original
Catocala nupta,Moths,original
Idaea filicata,Moths,original
Eudonia sudetica,Moths,original
Syrphus ribesii,Hoverflies,original
Brachylomia viminalis,Moths,original
Brenthis ino,Butterflies,original
Erebia epistygne,Butterflies,original
Abraxas grossulariata,Moths,original
Charissa obscurata,Moths,original
Panurgus dentipes,Wild Bees,original
Maculinea teleius,Butterflies,original
Calliergis ramosa,Moths,original
Catoptria falsella,Moths,original
Eulithis pyraliata,Moths,original
Erebia scipio,Butterflies,original
Hadena confusa,Moths,original
Lasioglossum fulvicorne,Wild Bees,original
Lasius psammophilus,Ants,original
Xanthorhoe designata,Moths,original
Catoptria conchella,Moths,original
Idaea humiliata,Moths,original
Leptidea reali,Butterflies,original
Eurois occulta,Moths,original
Crambus perlellus,Moths,original
Lasionycta imbecilla,Moths,original
Bupalus piniaria,Moths,original
Camponotus vagus,Ants,original
Pareulype berberata,Moths,original
Polymixis dubia,Moths,original
Macrothylacia rubi,Moths,original
Thera variata,Moths,original
Eucera longicornis,Wild Bees,original
Pyrausta aurata,Moths,original
Boloria graeca,Butterflies,original
Oligia versicolor,Moths,original
Blepharicera cinerascens,Other Flies,original
Pempelia ornatella,Moths,original
Zygaena lavandulae,Moths,original
Rhodanthidium septemdentatum,Wild Bees,original
Anania hortulata,Moths,original
Callopistria juventina,Moths,original
Bombus hortorum,Bumblebees,original
Ochropleura plecta,Moths,original
Coscinia striata,Moths,original
Rivula sericealis,Moths,original
Hyles vespertilio,Moths,original
Hesperia comma,Butterflies,original
Trachusa byssina,Wild Bees,original
Andrena hattorfiana,Wild Bees,original
Colostygia olivata,Moths,original
Lasius flavus,Ants,original
Eupithecia cretaceata,Moths,original
Euchloe tagis,Butterflies,original
Eugnorisma glareosa,Moths,original
Idaea bilinearia,Moths,original
Dichagyris renigera,Moths,original
Stauropus fagi,Moths,original
Syngrapha ain,Moths,original
Zygaena sarpedon,Moths,original
Polyommatus icarus,Butterflies,original
Tiliacea aurago,Moths,original
Ptilodon capucina,Moths,original
Fixsenia esculi,Butterflies,original
Brenthis hecate,Butterflies,original
Polia hepatica,Moths,original
Andrena ovatula,Wild Bees,original
Pyrausta ostrinalis,Moths,original
Aplocera praeformata,Moths,original
Catocala coniuncta,Moths,original
Callopistria latreillei,Moths,original
Melanthia procellata,Moths,original
Bena bicolorana,Moths,original
Sitochroa verticalis,Moths,original
Geometra papilionaria,Moths,original
Hadena tephroleuca,Moths,original
Allophyes oxyacanthae,Moths,original
Cheilosia impressa,Hoverflies,original
Mythimna l-album,Moths,original
Macrophya montana,Sawflies,original
Melitaea didyma,Butterflies,original
Lysandra hispana,Butterflies,original
Habrosyne pyritoides,Moths,original
Volucella pellucens,Hoverflies,original
Eublemma polygramma,Moths,original
Colostygia pectinataria,Moths,original
Acronicta alni,Moths,original
Ligdia adustata,Moths,original
Rhodostrophia calabra,Moths,original
Caradrina flavirena,Moths,original
Thaumetopoea processionea,Moths,original
Hemithea aestivaria,Moths,original
Hemipenthes maura,Bee Flies,original
Apamea zeta,Moths,original
Cacyreus marshalli,Butterflies,original
Dasypogon diadema,Other Flies,original
Anarta myrtilli,Moths,original
Chloroclystis v-ata,Moths,original
Halictus quadricinctus,Wild Bees,original
Zygaena occitanica,Moths,original
Lasioglossum cupromicans,Wild Bees,original
Hypercallia citrinalis,Moths,original
Leucania comma,Moths,original
Chersotis margaritacea,Moths,original
Peridroma saucia,Moths,original
Agrotis bigramma,Moths,original
Olethreutes arcuella,Moths,original
Perizoma minorata,Moths,original
Hypena rostralis,Moths,original
Lymantria dispar,Moths,original
Leptotes pirithous,Butterflies,original
Minoa murinata,Moths,original
Lycaena dispar,Butterflies,original
Catoptria myella,Moths,original
Lomaspilis marginata,Moths,original
Apamea platinea,Moths,original
Deilephila porcellus,Moths,original
Euphyia molluginata,Moths,original
Pyrgus carlinae,Butterflies,original
Eristalis arbustorum,Hoverflies,original
Prosimulium latimucro,Other Flies,original
Adela australis,Moths,original
Sideridis rivularis,Moths,original
Lasiocampa trifolii,Moths,original
Glaucopsyche melanops,Butterflies,original
Osmia aurulenta,Wild Bees,original
Eristalis pertinax,Hoverflies,original
Noctua comes,Moths,original
Andrena minutula,Wild Bees,original
Myrmica sabuleti,Ants,original
Lasioglossum xanthopus,Wild Bees,original
Araschnia levana,Butterflies,original
Erannis defoliaria,Moths,original
Panurgus banksianus,Wild Bees,original
Trachea atriplicis,Moths,original
Agrotis ipsilon,Moths,original
Isodontia mexicana,Solitary Wasps,original
Vespula vulgaris,Social Wasps,original
Hyponephele lupinus,Butterflies,original
Argyresthia pruniella,Moths,original
Apamea furva,Moths,original
Camptogramma bilineata,Moths,original
Chrysotoxum arcuatum,Hoverflies,original
Calophasia lunula,Moths,original
Clostera curtula,Moths,original
Arctornis l-nigrum,Moths,original
Zygaena viciae,Moths,original
Mutilla europaea,Ants,original
Trichiura crataegi,Moths,original
Dichagyris nigrescens,Moths,original
Hemaris tityus,Moths,original
Xestia ashworthii,Moths,original
Mythimna ferrago,Moths,original
Megascolia maculata,Solitary Wasps,original
Anania fuscalis,Moths,original
Scopula imitaria,Moths,original
Damora pandora,Butterflies,original
Pyrgus sidae,Butterflies,original
Zygaena purpuralis,Moths,original
Mythimna albipuncta,Moths,original
Anthidium manicatum,Wild Bees,original
Ectropis crepuscularia,Moths,original
Pungeleria capreolaria,Moths,original
Chrysoteuchia culmella,Moths,original
Andrena combinata,Wild Bees,original
Evergestis sophialis,Moths,original
Pyrgus malvae,Butterflies,original
Spodoptera exigua,Moths,original
Meganola strigula,Moths,original
Idaea maritimaria,Moths,original
Noctua janthe,Moths,original
Camponotus cruentatus,Ants,original
Autographa gamma,Moths,original
Acompsia cinerella,Moths,original
Bombus terrestris,Bumblebees,original
Eana osseana,Moths,original
Philipomyia aprica,Other Flies,original
Heteropterus morpheus,Butterflies,original
Horisme tersata,Moths,original
Idia calvaria,Moths,original
Zygaena nevadensis,Moths,original
Mesembrina meridiana,Other Flies,original
Furcula furcula,Moths,original
Phytometra viridaria,Moths,original
Thalera fimbrialis,Moths,original
Cilix glaucata,Moths,original
Malacosoma neustria,Moths,original
Tetramorium impurum,Ants,original
Macaria liturata,Moths,original
Agriades pyrenaica,Butterflies,original
Paracolax tristalis,Moths,original
Xanthorhoe fluctuata,Moths,original
Andrena similis,Wild Bees,original
Apamea sordens,Moths,original
Macaria wauaria,Moths,original
Hypomecis roboraria,Moths,original
Volucella zonaria,Hoverflies,original
Chrysotoxum vernale,Hoverflies,original
Colotois pennaria,Moths,original
Simulium monticola,Other Flies,original
Synaphe punctalis,Moths,original
Metaxmeste schrankiana,Moths,original
Odice jucunda,Moths,original
Apamea crenata,Moths,original
Erebia lappona,Butterflies,original
Epirrhoe rivata,Moths,original
Idaea ochrata,Moths,original
Hemipenthes velutina,Bee Flies,original
Dysgonia algira,Moths,original
Cataclysme riguata,Moths,original
Dyspessa ulula,Moths,original
Hemipenthes morio,Bee Flies,original
Noctua fimbriata,Moths,original
Erebia aethiopella,Butterflies,original
Dufourea dentiventris,Wild Bees,original
Chersotis oreina,Moths,original
Simulium variegatum,Other Flies,original
Diacrisia sannio,Moths,original
Crematogaster scutellaris,Ants,original
Cerura vinula,Moths,original
Muschampia proto,Butterflies,original
Cucullia campanulae,Moths,original
Nebula tophaceata,Moths,original
Paramesia gnomana,Moths,original
Pterophorus pentadactyla,Moths,original
Paysandisia archon,Moths,original
Anthidium florentinum,Wild Bees,original
Lasioglossum calceatum,Wild Bees,original
Eudonia lacustrata,Moths,original
Pyrrhia umbra,Moths,original
Clepsis consimilana,Moths,original
Korscheltellus lupulina,Moths,original
Bombus rupestris,Bumblebees,original
Herminia tarsicrinalis,Moths,original
Phyllodesma tremulifolia,Moths,original
Tomares ballus,Butterflies,original
Polyommatus damon,Butterflies,added_from_syn_map
Phengaris arion,Butterflies,added_from_syn_map
Polyommatus humedasae,Butterflies,added_from_syn_map
Satyrium quercus,Butterflies,added_from_syn_map
Phengaris alcon,Butterflies,added_from_syn_map
Satyrium ilicis,Butterflies,added_from_syn_map
Lycaena hippothoe,Butterflies,added_from_syn_map
Polyommatus semiargus,Butterflies,added_from_syn_map
Melitaea parthenoides,Butterflies,added_from_syn_map
Polyommatus dolus,Butterflies,added_from_syn_map
Polyommatus escheri,Butterflies,added_from_syn_map
Polyommatus dorylas,Butterflies,added_from_syn_map
Boloria euphrosyne,Butterflies,added_from_syn_map
Agriades optilete,Butterflies,added_from_syn_map
Limenitis camilla,Butterflies,added_from_syn_map
Satyrium esculi,Butterflies,added_from_syn_map
Argynnis pandora,Butterflies,added_from_syn_map
Leptidea sinapis_complex,Butterflies,added_from_lump_map
